tool,problemsize,time
lean-egg,1,0.6810989009973127
coq,1,0.12850487799732946
lean-egg,2,0.6678963739832398
coq,2,0.1284632310271263
lean-egg,3,0.6889404689718504
coq,3,0.12996761899557896
lean-egg,4,0.712432919011917
coq,4,0.13712080402183346
lean-egg,5,0.7719523670093622
coq,5,0.14820927500841208
lean-egg,6,0.8941222349822056
coq,6,0.20392041400191374
lean-egg,7,1.1999957480002195
coq,7,0.3278861569997389
lean-egg,8,2.011342998011969
coq,8,1.0209084380185232
