tool,problemsize,time
lean-egg,1,0.6255600559961749
lean-simp,1,0.6359152189979795
coq,1,0.12317631300538778
lean-egg,2,0.656288433005102
lean-simp,2,0.6216333779884735
coq,2,0.1269918059988413
lean-egg,3,0.6812429380079266
lean-simp,3,ERR
coq,3,0.13758863999100868
lean-egg,4,0.6983315639954526
lean-simp,4,ERR
coq,4,0.4960235339967767
lean-egg,5,0.713191539995023
lean-simp,5,ERR
coq,5,1.9209456329990644
lean-egg,6,0.7455722380109364
lean-simp,6,ERR
coq,6,ERR
lean-egg,7,0.7649258650053525
lean-simp,7,ERR
coq,7,ERR
lean-egg,8,0.7567150990071241
lean-simp,8,ERR
coq,8,ERR
lean-egg,9,0.7967491140007041
lean-simp,9,ERR
coq,9,ERR
lean-egg,10,0.893793358001858
lean-simp,10,ERR
coq,10,ERR
lean-egg,11,1.0878147110051941
lean-simp,11,ERR
coq,11,ERR
